Job Title,Company,Date,Location,Skills,Link,Salary,Responsibilities
AI & Automation Developer (Python),Injaz Digital  -,3 days ago,"New Cairo, Cairo, Egypt",Full TimeOn-siteExperienced · 2 - 3 Yrs of Exp · IT/Software Development · Marketing/PR/Advertising · AI · Automation · Computer Science · Information Technology (IT) · Python · Software Development · Software Engineering · SQL,https://wuzzuf.net/jobs/p/nsexa8hf0rf2-ai-automation-developer-python-injaz-digital-cairo-egypt,Confidential,"2–3 years of experience in Python / Good understanding of AI tools (OpenAI APIs, automation tools, etc.) / Experience with APIs, integrations, and workflow automation / Strong problem-solving mindset / Someone who thinks business-first, not just tech-first / Fast learner and curious about new AI trends"
Junior Python - Django Full-Stack Developer,Software House Solution  -,2 days ago,"Heliopolis, Cairo, Egypt",Full TimeOn-siteExperienced · 2 - 4 Yrs of Exp · IT/Software Development · Engineering - Other · Python · Django · JavaScript · HTML5 · CSS3 · React · SQL · Git,https://wuzzuf.net/jobs/p/dpg5e7v6msbe-junior-python-django-full-stack-developer-software-house-solution-cairo-egypt,Confidential,"Bachelor’s degree in Computer Science, Software Engineering, or a related field. / 2-4 years of professional experience as a Python and Django developer. / Proven experience with front-end technologies such as HTML5, CSS3, JavaScript, and modern frameworks (e.g., React, Angular, or Vue.js). / Strong understanding of RESTful API design and integration. / Familiarity with relational databases such as PostgreSQL or MySQL. / Experience with version control systems, preferably Git. / Ability to work effectively in a fast-paced, collaborative, and open office environment. / Excellent problem-solving and analytical skills. / Strong communication and teamwork abilities. / Demonstrated ability to manage multiple priorities and meet deadlines."
Business Intelligence Engineer - SQL / PYTHON,RISEUP (Endemag for Administrative Skills Development) -,11 days ago,"Maadi, Cairo, Egypt",Full TimeHybridExperienced · 5+ Yrs of Exp · IT/Software Development · Analyst/Research · Engineering - Telecom/Technology · Business Intelligence · Computer Science · Information Technology (IT) · Engineering · Management · Python · SQL,https://wuzzuf.net/jobs/p/bl1q5hs5faeq-business-intelligence-engineer-sql-python-riseup-endemag-for-administrative-skills-development-cairo-egypt,Confidential,"SQL — Advanced proficiency (complex queries, window functions, query optimization) / Python — Intermediate to advanced (data manipulation, scripting, automation) / ETL Logic — Strong understanding of data extraction, transformation, and loading patterns / Data Modeling — Dimensional modeling, star/snowflake schemas / Communication — Strong written and verbal communication skills; ability to present insights to technical and non-technical stakeholders / Required Years of Experience: 5+"
Trainee Automation QA engineer,Vertex Technologies  -,19 days ago,"Cairo, Egypt",Full TimeOn-siteEntry Level · 0 - 2 Yrs of Exp · IT/Software Development · Quality · Quality Assurance · Test Automation · Selenium · Software Testing · Bug Tracking · Analytical Thinking · Agile Methodologies · Manual Testing,https://wuzzuf.net/jobs/p/e25of4jboe2r-trainee-automation-qa-engineer-vertex-technologies-cairo-egypt,Confidential,"Basic knowledge of at least one programming language (Python, JavaScript, or C#) at an introductory level (courses, self-study, or pet projects are enough) / Basic understanding of software testing fundamentals (manual and automated testing concepts) / General understanding of software development lifecycle and Agile principles / Willingness to learn automation testing tools and best practices / Good analytical thinking and attention to detail / English level Upper Intermediate or higher / Basic familiarity with bug-tracking systems and version control systems (e.g. Jira, Git) is a plus"
Splunk Administrator Engineer,Digital cloud for Technology and cybersecurity -,26 days ago,"Cairo, Egypt",Full TimeHybridExperienced · 2 - 7 Yrs of Exp · Administration · IT/Software Development · Engineering - Telecom/Technology · soc analyst L2 · Cybersecurity · SIEM · Splunk · Log Management · Data Analysis · Incident Response,https://wuzzuf.net/jobs/p/4foi9uwgik5k-splunk-administrator-engineer-digital-cloud-for-technology-and-cybersecurity-cairo-egypt,Confidential,"Unleash Your Expertise: Possess 2-7 years of hands-on experience in Splunk administration, SIEM operations, or a related cybersecurity engineering role. / Master of Security: A profound understanding of Cybersecurity principles, attack vectors, and defense mechanisms. / Splunk Savvy: Demonstrated mastery in Splunk Enterprise administration, including distributed environments, data ingestion, search head clustering, and indexer clustering. / SIEM Architect: Proven ability to design, implement, and optimize SIEM solutions for effective threat detection and response. / Log Management Maestro: Expertise in log management strategies, data parsing, and normalization from diverse sources. / Network & Cloud Security Acumen: Strong grasp of Network Security fundamentals and familiarity with Cloud Security concepts and practices. / Scripting Prowess: Proficiency in Scripting (e.g., Python, Bash) for automation, data manipulation, and Splunk API interactions. / Analytical Innovator: Exceptional Data Analysis and Problem Solving skills, with an ability to translate complex data into actionable insights. / Team Player & Communicator: Excellent Communication and interpersonal skills, capable of collaborating effectively in a remote, dynamic team setting. / Career Level: This role is ideal for an Experienced professional ready to take on significant responsibilities and drive impactful security initiatives."
Senior Data Scientist,Vertex Technologies  -,27 days ago,"Cairo, Egypt",Full TimeOn-siteExperienced · 5+ Yrs of Exp · IT/Software Development · English B2 · Machine Learning · Statistical Analysis · Python · gradient boosting algorithms · LLM · Generative AI technologies · Big Data Technologies,https://wuzzuf.net/jobs/p/8zkocqwyusni-senior-data-scientist-vertex-technologies-cairo-egypt,Confidential,"English level Upper Intermediate + / Strong mathematical and statistical background, including tensor calculus / Expertise in databases such as Postgres, MongoDB, and SQL / Proficiency in Python, with extensive experience in libraries such as Scikit-learn, Numpy, Pandas, and Matplotlib / In-depth knowledge and experience with gradient boosting algorithms (e.g., XGBoost, LightGBM) / Advanced experience with at least one neural network framework (TensorFlow/Keras, PyTorch), with a deep understanding of neural network architectures and optimisation techniques / Proven commercial experience with classic machine learning and deep learning, including NLP and computer vision (e.g., BERT, ResNet) / Experience in applying LLMs and Generative AI technologies (e.g., GPT, transformer-based architectures) in real-world use cases / Extensive experience in building end-to-end machine learning pipelines (data ingestion, preprocessing, model training, deployment, inference) and managing CI/CD workflows using GitHub/GitLab / Practical experience with Docker or Kubernetes platforms for deployment and scalability / Commercial experience with cloud platforms like AWS or Azure"
IT Software Specialist,Jessour Misr -,1 month ago,"Abu Rawash, Giza, Egypt",Full TimeOn-siteEntry Level · 1 - 2 Yrs of Exp · IT/Software Development · Engineering - Telecom/Technology · Information Technology (IT) · Computer Science · Engineering · Software Development · python development · Odoo ERP · Odoo Development · Communication,https://wuzzuf.net/jobs/p/5q5nwgwrpwjv-it-software-specialist-jessour-misr-giza-egypt,Confidential,"Haram or October Resdience / Bachelor’s degree in IT, Computer Science, or related field / 1-2 years of experience in IT support or system administration / Strong knowledge of networking, servers, and operating systems / Experience with ERP systems (Odoo is a plus) / Python experience / Good understanding of cybersecurity principles / Problem-solving mindset and strong attention to detail / Good communication skills (English required)"
GenAI RAG Engineer,Faze 3 Consulting -,13 days ago,"Cairo, Egypt",Full TimeOn-siteExperienced · 5 - 10 Yrs of Exp · IT/Software Development · Python · LLM APIs · Vector databases · Prompt Engineering · API Integration · Engineering · Engineering Services,https://wuzzuf.net/jobs/p/5br4ztezfqio-genai-rag-engineer-faze-3-consulting-cairo-egypt,Confidential,"MANDATORY REQUIREMENTS / Education. Bachelor’s in Computer Science (or very similar/related) from a Tier 1 / Tier 2 university. Master’s preferred. “Very similar/related” includes Software Engineering, Computer Engineering, Information Systems, Mechatronics, Applied Mathematics with software focus, and similar substantively quantitative or CS-equivalent engineering disciplines. / Experience. 5–10 years in software engineering, with at least 2 years building RAG pipelines or LLM-based applications that ran in production. / Core technical: / Strong Python / Deep working knowledge of LLM APIs and embeddings / Vector databases / Prompt engineering / API integration. / Mandatory certifications. Both of the following are required: “Generative AI with LLMs” (DeepLearning.AI) AND “LangChain for LLM Application Development” (DeepLearning.AI). / Engineering discipline. Production RAG without an evaluation loop is not engineering. Evidence of formal evaluation pipelines (RAGAS, custom eval sets, regression tests) is expected at interview. / Languages. Proficiency in English is required. / Strong Plus / LangChain or LlamaIndex framework experience at production scale. / Reranking models in production use — Cohere Rerank, cross-encoders, ColBERT, or fine-tuned rerankers. / Hybrid retrieval design (dense + sparse / BM25 / RRF). / Fine-tuned or domain-adapted embedding models. / Agentic / tool-use orchestration in production. / Hallucination evaluation tooling — RAGAS, TruLens, custom eval pipelines. / Cost / latency tuning experience — prompt caching, model routing, semantic cache. / Optional certifications: NLP / Transformers (Hugging Face), Vector Database (Pinecone). / A live GitHub with working RAG implementations. / Arabic-language RAG experience."
Data Analyst,Sprix -,14 days ago,"New Cairo, Cairo, Egypt",Full TimeHybridExperienced · 2 - 4 Yrs of Exp · Analyst/Research · Microsoft Excel · Power BI · Python,https://wuzzuf.net/jobs/p/485eob7kytt8-data-analyst-sprix-cairo-egypt,Confidential,Not Specified
Data analysis Instructor,Yat Learning Centers -,12 days ago,"Hadayek Alkobba, Cairo, Egypt",Freelance / ProjectRemoteExperienced · 3 - 15 Yrs of Exp · Education/Teaching · Training/Instructor · Data Analysis · Databases · Microsoft Excel · SQL · Python · Google Analytics · Power BI · Tableau,https://wuzzuf.net/jobs/p/gwifjzfunbq1-data-analysis-instructor-yat-learning-centers-cairo-egypt,Confidential,Minimum 3 years experience as Instructor. / Proven work experience / Up-to-date knowledge / Team spirit; strong communication skills to collaborate with various stakeholders / Good time-management skills / BSc in Computer Science or relevant field
Software Engineer Intern,Avidbeam Technologies -,13 days ago,"Maadi, Cairo, Egypt",InternshipRemoteStudent · IT/Software Development · Computer Science · Software Engineering · Software Development · c++ · Python · Docker · Programming · AI · JavaScript,https://wuzzuf.net/internship/luimrbjskisw-software-engineer-intern-avidbeam-technologies-cairo-egypt,Confidential,"Senior Graduates in Computer Science, Software Engineering, or a related field. / Basic understanding of software development principles, data structures, and algorithms. / Proficiency in programming language. / Strong analytical, problem-solving, and communication skills"
Senior Full-Stack Engineer,Oliv -,2 months ago,"Cairo, Egypt",Full TimeHybridExperienced · 5+ Yrs of Exp · IT/Software Development · Engineering - Telecom/Technology · Golang · Go · Python · PostgreSQL · Docker · DevOps · Fintech · Payments,https://wuzzuf.net/jobs/p/c1uddf4aotdw-senior-full-stack-engineer-oliv-cairo-egypt,Confidential,"5+ years of professional software engineering experience / Strong backend fundamentals, built and operated production services at scale / Comfortable working across the stack: APIs, databases, frontend, infrastructure / Experience with relational databases (Postgres strongly preferred) / Solid understanding of distributed systems, concurrency, and data integrity / Strong communicator who thrives with autonomy in a hybrid setup"
Data Analyst,Zinox&Master -,20 days ago,"Obour City, Cairo, Egypt",Full TimeOn-siteExperienced · 2 - 3 Yrs of Exp · males_only · IT/Software Development · Analyst/Research · Engineering - Telecom/Technology · Analysis · Computer Science · Information Technology (IT) · Data Analysis · Power BI · Tableau · Python,https://wuzzuf.net/jobs/p/fzv9lnkvfsdn-data-analyst-zinoxmaster-cairo-egypt,Confidential,"Bachelor’s degree in Computer Science, Data Science, Statistics, Business Analytics, or a related field / 2–3 years of strong hands-on experience in Data Analysis or a similar role / Advanced proficiency in SQL / Strong experience with Power BI or Tableau (including data modeling and DAX) / Solid understanding of ETL / ELT processes, data pipelines, and data workflows / Strong knowledge of data modeling / Experience in data transformation, data cleaning, and handling large datasets / Advanced Excel skills (Power Query, complex formulas, data manipulation) / Basic knowledge of Python for data analysis (Pandas, NumPy) / Experience working with APIs and integrating multiple data sources / Ability to calculate and analyze ROI (Return on Investment) to support business and marketing decisions"
Embedded Firmware Engineer,IMBoX  -,24 days ago,"New Cairo, Cairo, Egypt",InternshipHybridEntry Level · IT/Software Development · Engineering - Telecom/Technology · Embedded Systems · Software Engineering · C/C++ · Python · Embedded Linux · Microcontrollers · RTOS · Debugging,https://wuzzuf.net/internship/xmetvhb3shh7-embedded-firmware-engineer-imbox-cairo-egypt,Confidential,"Programming: Advanced proficiency in C/C++ and Python. / Embedded Linux: Hands-on experience with Linux/Ubuntu, including terminal proficiency and system configuration. / Communication Protocols: Solid understanding of UART, I2C, and SPI interfaces. / Problem Solving: Ability to read schematics and use basic lab tools (multimeters/logic analyzers) to debug hardware-software links. / Academic Level: Senior student or Fresh Graduate in Computer/Electronics Engineering."
Full Stack Developer,IMBoX  -,24 days ago,"New Cairo, Cairo, Egypt",Part TimeFreelance / ProjectHybridExperienced · 3 - 7 Yrs of Exp · IT/Software Development · Engineering - Telecom/Technology · Engineering - Other · Flutter · Python · Cross-Platform Development · REST API · Cloud Computing · Embedded Systems · IOT,https://wuzzuf.net/jobs/p/n0ylmn8cx0qb-full-stack-developer-imbox-cairo-egypt,Confidential,"Software Proficiency: Proven experience in Python for backend development and Flutter (or similar frameworks) for cross-platform Web and Mobile frontend. / Embedded & IoT (Preferred): Strong background in Embedded C/C++, Linux-based systems (Ubuntu), and hardware communication protocols (UART, SPI, I2C, or MQTT). / System Architecture: Solid understanding of RESTful APIs, cloud service integration, and database management to ensure seamless data flow. / Problem Solving: Ability to navigate the full product lifecycle, from high-level UI/UX to low-level hardware constraints and debugging. / Self-Management: Highly organized and capable of working independently in a Part-Time, Contract-to-Hire capacity with a results-oriented mindset. / Communication: Fluent in translating complex technical challenges into functional solutions that bridge the gap between software and physical lockers."
AI Engineer,Confidential -,27 days ago,"Sheraton, Cairo, Egypt",Full TimePart TimeFreelance / ProjectHybridExperienced · 2 - 3 Yrs of Exp · Business Development · IT/Software Development · Engineering - Telecom/Technology · Algorithms · Software Development · Information Technology (IT) · Python · AI · Automation Engineering · Workflow Architect,https://wuzzuf.net/jobs/p/0jlu7uzk7kis-ai-engineer-cairo-egypt,Confidential,"Demonstrated experience in Automation Engineering and building automated systems. / Proven ability to act as a Workflow Architect, optimizing complex processes. / Strong background in implementing Business Process AI solutions. / Expert-level skills in Python programming. / Solid understanding and practical application of Machine Learning and Deep Learning algorithms. / Proficiency in Data Science techniques and methodologies. / Strong capabilities in System Design and architectural planning. / Experience with Project Management principles and practices. / Fundamental understanding of Data Structures and algorithms. / A minimum of 2-3 years of proven, hands-on experience in AI engineering, automation development, or related IT/Software Development roles. / Demonstrated success in delivering tangible results through AI and automation projects."
Software Engineer (Technical Content),"CC Global Group, LLC -",21 days ago,"New Cairo, Cairo, Egypt","Full TimeRemoteEntry Level · Writing/Editorial · IT/Software Development · Technical Writing · Software Engineering · Content Development · Programming (Python, JavaScript, etc.) · Machine Learning · Artificial Intelligence (AI)",https://wuzzuf.net/jobs/p/9rhh6bv7kdib-software-engineer-technical-content-cc-global-group-llc-cairo-egypt,Confidential,Not Specified
Lead AI Systems Architect & Automation Head,StorPros -,1 month ago,"San Jose, United States",Full TimeRemoteExperienced · 3 - 7 Yrs of Exp · IT/Software Development · AI · Automation · Computer Engineering · Computer Science · Python · LMS · proxy management,https://wuzzuf.net/jobs/p/1bewjc5z6vkh-lead-ai-systems-architect-automation-head-storpros-san-jose-united-states,Confidential,"TECHNICAL STACK REQUIREMENTS / 1. The ""Scraper & Lead Gen"" Pillar (Data Acquisition) / Advanced Browser Automation: Expert in Playwright or Puppeteer (Stealth-plugins are mandatory). / Anti-Bot Evasion: Proven ability to bypass Cloudflare Turnstile, DataDome, and Akamai using JA3 fingerprinting, TLS header manipulation, and residential proxy rotation (Bright Data/Oxylabs). / Asynchronous Processing: High-concurrency scraping using Python Asyncio or Go to pull thousands of leads without bottlenecking. / 2. The ""Voice & Dialing"" Pillar (Infrastructure) / VoIP/SIP Engineering: Deep experience with Asterisk, FreePBX, or Kamailio. Ability to manage SIP Trunks and DID (Phone Number) pools. / Regulatory Compliance (US/Global): Knowledge of STIR/SHAKEN protocols and ""A-Level Attestation"" to prevent calls from being labeled ""Scam Likely."" / Low-Latency Audio: Expertise in WebRTC and Vapi/Retell/Telnyx to keep AI voice response time under 500ms. / • Server Management: Ability to deploy local or cloud-based ""Gateway Servers"" in specific regions to bypass regional AI dialing restrictions. / 3. The ""Training Brain"" & RAG Pillar (Intelligence) / Vector Databases: Implementation of Pinecone, Milvus, or Weaviate to store and retrieve successful sales call data. / Multimodal RAG: Building systems that don't just ""read"" text but ""analyze"" audio files to identify winning sales patterns from top reps. / Speech-to-Speech (S2S): Integration with GPT-4o Audio or ElevenLabs to create human-like voices with emotional intelligence (tone, laughter, pauses). / Diarization & Transcription: Using OpenAI Whisper to split recordings into ""Rep"" vs. ""Customer"" for automated performance grading. / 4. The ""Automation & CRM"" Pillar (Logic) / Agentic Frameworks: Proficiency in LangGraph, CrewAI, or AutoGen to build ""Agents"" that can autonomously update the CRM, book appointments, and handle customer service. / Airtable/CRM Mastery: Deep API integration with Airtable, HubSpot, or GoHighLevel using Webhooks and Python SDKs. / Mobile App Integration: Ability to build a lightweight Flutter or React Native app interface for D2D guys to access the ""Real-time Training Brain"" in the field."
DevOps Internship,3D Diagnostix -,1 month ago,"Cairo, Egypt","InternshipHybridStudent · 0 - 1 Yrs of Exp · IT/Software Development · Engineering - Telecom/Technology · DevOps · CI/CD · Linux/Unix · Cloud Computing · Automation · Scripting (Python, Bash) · Version Control (Git) · Troubleshooting",https://wuzzuf.net/internship/4exa5ljvt7qr-devops-internship-3d-diagnostix-cairo-egypt,Confidential,Must be a 2nd or 3rd year student. / Ubuntu administration / Bash scripting / MySQL administration basics / Networking fundamentals / Git basics / VMware / Ansible / Terraform / AWS are pluses
Mid level Django Backend Developer,Software House Solution  -,1 month ago,"Heliopolis, Cairo, Egypt",Full TimeOn-siteExperienced · 2 - 7 Yrs of Exp · IT/Software Development · Engineering - Telecom/Technology · Python · Django · RESTful APIs · SQL · Git · Team Collaboration · Problem Solving · HTML,https://wuzzuf.net/jobs/p/7azvejktmfk8-mid-level-django-backend-developer-software-house-solution-cairo-egypt,Confidential,"2-7 years of professional experience in Django development. / Proficiency in Python and Django framework. / Solid understanding of relational databases such as PostgreSQL or MySQL. / Experience with RESTful API design and integration. / Familiarity with front-end technologies like HTML, CSS, and JavaScript. / Strong problem-solving and analytical skills. / Ability to work effectively in an office-based, collaborative environment. / Excellent communication and teamwork abilities. / Experience with version control systems such as Git. / Attention to detail and commitment to delivering high-quality solutions."
Devops Engineer,Ayvo  -,1 month ago,"Makkah, Saudi Arabia",Full TimeRemoteExperienced · 2 - 3 Yrs of Exp · IT/Software Development · Docker · Cloud Infrastructure · Ansible · Kubernetes · Git · Jenkins · AWS Cloud · Python · Bash,https://wuzzuf.net/saudi/jobs/p/nzdjqqtkidvq-devops-engineer-ayvo-makkah-saudi-arabia,Confidential,"Bachelor’s degree in Computer Science, Information Technology, or a related field (or equivalent practical experience). / Minimum of 2–3 years of proven experience as a DevOps Engineer or in a related role. / Strong hands-on experience with CI/CD tools such as Jenkins and Git. / Solid experience with containerization and orchestration tools (Docker, Kubernetes). / Experience managing cloud environments, preferably AWS (Azure or GCP is a plus). / Hands-on experience with Infrastructure as Code (IaC) practices. / Proficiency in scripting and automation using Python, Bash, or PowerShell. / Experience with monitoring and logging tools. / Strong problem-solving skills and attention to detail. / Excellent communication and collaboration skills."
Senior Data Scientist,Egabi FSI  -,2 months ago,"Sheraton, Cairo, Egypt",Full TimeOn-siteExperienced · 3+ Yrs of Exp · IT/Software Development · Engineering - Telecom/Technology · Computer Science · Data Mining · Data Science · data scientist · Hadoop · Machine Learning · Python · SQL,https://wuzzuf.net/jobs/p/o1a7fazksizo-senior-data-scientist-egabi-fsi-cairo-egypt,Confidential,"Bachelor’s degree in Computer Science, Data Science, or a related field. / Proven experience as a Data Scientist or in a similar analytical role. / Proficiency in programming languages such as Python, R scripting, or SQL. / Experience with machine learning frameworks and libraries (e.g., TensorFlow, scikit-learn, PyTorch). / Strong knowledge of statistical analysis, data mining, and data visualization techniques. / Familiarity with data visualization tools such as Tableau, Power BI, or Matplotlib. / Excellent problem-solving skills, result-oriented, and attention to detail. / Strong communication skills with the ability to explain complex concepts to non-technical stakeholders. / Experience with big data technologies (e.g., Hadoop, Spark) is a plus. / Knowledge of cloud platforms (e.g., AWS, Google Cloud, Azure) is desirable. / Excellent English speaking and business writing"
Tech Lead / Principal Engineer – Full‑Stack & AI Systems,Makkook.AI -,2 months ago,"Maadi, Cairo, Egypt","Full TimeOn-siteSenior Management · 8 - 20 Yrs of Exp · Engineering - Telecom/Technology · Tech Lead / Principal Engineer – Full‑Stack & AI Systems · Backend (Mandatory): Python, Node.js, or .NET Core; REST APIs; database design (PostgreSQL, SQL Server); distributed systems; caching, queues, performance optimization Frontend (Mandatory): React/Next.js or Angular; data‑heavy dashboards; state management · Front-End Development · Mobile App Development · DevOps · Network Infrastructure · Software Testing · Quality Management · Data Integration",https://wuzzuf.net/jobs/p/blne8rf8kvkp-tech-lead-principal-engineer-fullstack-ai-systems-makkook-ai-cairo-egypt,Confidential,7+ years in software engineering / 2–3+ years in a technical leadership role / Proven experience building and scaling production systems
Data Scientist And Machine learning Engineer - Applied AI & Knowledge Sharing,EpsilonAI -,2 months ago,"Nasr City, Cairo, Egypt",Full TimeHybridEntry Level · 0 - 3 Yrs of Exp · IT/Software Development · Engineering - Telecom/Technology · Data Science · Machine Learning · Python Programming · Teaching & Instruction · Curriculum Development · Statistical Analysis · Communication · AI Tools & Frameworks,https://wuzzuf.net/jobs/p/hif824t4axxr-data-scientist-and-machine-learning-engineer-applied-ai-knowledge-sharing-epsilonai-cairo-egypt,Confidential,"Bachelor’s degree in Computer Science, Computer Engineering, Software Engineering, Information Systems, or any related technical field (required) / 0-3 years of professional experience in data science, machine learning, or artificial intelligence."
Identity & Access Management (IAM) Specialist,Dewan Architects and Engineers  -,2 months ago,"New Cairo, Cairo, Egypt","Full TimeOn-siteExperienced · 3 - 7 Yrs of Exp · IT/Software Development · Engineering - Telecom/Technology · Access Management · Access Control · Information Technology (IT) · SSOP · federation (SAML 2.0, OAuth 2.0, OpenID Connect) · Security · Ticketing Systems",https://wuzzuf.net/jobs/p/vwoat2aerxxx-identity-access-management-iam-specialist-dewan-architects-and-engineers-cairo-egypt,Confidential,"Bachelor’s degree in Computer Science, Information Technology, Cybersecurity, or a related field (or equivalent experience). / 3+ years of hands-on experience in IAM / Access Management / Directory Services in an enterprise environment. / Strong working knowledge of Active Directory, Entra ID (Azure AD), group/role management, and identity lifecycle processes. / Experience with SSO and federation (SAML 2.0, OAuth 2.0, OpenID Connect) and MFA/conditional access policy design. / Familiarity with ticketing processes, change control, and maintaining clear support records in a fast-paced environment. / Strong troubleshooting and communication skills; ability to work independently and as part of a team. / Willingness to participate in occasional off-hours/weekend support for upgrades and initiatives."
Testing Engineer,Efada Technology -,2 months ago,"Cairo, Egypt",Full TimeRemoteExperienced · 3 - 7 Yrs of Exp · IT/Software Development · Quality · Engineering - Telecom/Technology · API · Appium · Architecture · Design · AWS · Linux · Docker,https://wuzzuf.net/jobs/p/isndrwtncedg-testing-engineer-efada-technology-cairo-egypt,Confidential,"Comfortable working on Linux/Ubuntu / Very good understanding of Client-server architecture and Web architecture / Git & Linux essentials / Design Tests cases that are concise, atomic, durable, understandable, deterministic and accurat / (CADUDA) / HTTP, SOAP & REST APIs / Relational & NoSQL Databases / Python3 programming / Average understanding of following testing tools/framework / o Selen / o Appium / Zephyr Scale, OWASP Zed Attack Proxy (ZAP), Grafana K / Docker Containers basics (Building & Running), Kubernete / AWS Basics (Lambda Functions, S3, SQS, DynamoDB, ECS, API Gateway) / Gitlab-CI/GitHub Pipeline / Swagger/OAS3, JWT, OAuth2, OpenID Connect"
Senior Machine Learning Engineer,Solship -,8 days ago,"Cairo, Egypt",Full TimeRemoteExperienced · 3 - 7 Yrs of Exp · Engineering - Telecom/Technology · Engineering - Mechanical/Electrical · Machine Learning · Computer Science · Software Engineering,https://wuzzuf.net/jobs/p/7j1nv1ifczfr-senior-machine-learning-engineer-solship-cairo-egypt,Confidential,Not Specified
Middle Automation QA Engineer.,Vertex Technologies  -,26 days ago,"Cairo, Egypt",Full TimeOn-siteExperienced · 2+ Yrs of Exp · IT/Software Development · Quality · Test Automation · Selenium · Cypress · CI/CD · API Testing · Agile Methodologies · Bug Tracking · Quality Assurance,https://wuzzuf.net/jobs/p/uusoe8wzc6ov-middle-automation-qa-engineer-vertex-technologies-cairo-egypt,Confidential,At least 2 years of commercial experience as a QA automation engineer. / Proficiency in a test automation-capable programming language (Python\JS\TS\C#…). / Deep understanding of Agile methodology and software development principles. / Experience in developing end-to-end UI and\or API tests. / Experience in working with bug-tracking and test management systems. / Experience with Git. / English skills at the upper-intermediate or higher level.
Middle Data Scientist,Vertex Technologies  -,1 month ago,"Cairo, Egypt",Full TimeOn-siteExperienced · 2+ Yrs of Exp · IT/Software Development · Data Analysis · Machine Learning · Statistical Modeling · Data Visualization · Big Data Technologies · Problem Solving · Communication · LLM orchestration tools · Databases,https://wuzzuf.net/jobs/p/ytubatrtqqp2-middle-data-scientist-vertex-technologies-cairo-egypt,Confidential,"English level upper intermediate+; / Good mathematical and statistical background, tensor calculus; / Good knowledge of databases such as Postgres, MongoDB, and SQL; / Python language including practical experience with Scikit-learn, Numpy, Pandas, and Matplot libraries; / Experience with gradient boosting algorithms (XGBoost or LightGBM); / Familiarity with LLM orchestration tools (e.g., LangChain, LangGraph); / Experience using or integrating with cloud LLM APIs (e.g., OpenAI, Claude, Amazon Bedrock, Vertex AI); / Hands-on experience with Retrieval-Augmented Generation (RAG) pipelines and vector databases (e.g., pgvector, FAISS, Weaviate, Pinecone); / Practical experience with prompt engineering techniques, agentic tools and workflows; / At least 1 framework to build and train neural networks (TensorFlow/Keras, PyTorch), a good understanding of neural networks architectures, and how-tos; / Commercial experience with classic machine learning and deep learning, including NLP and CV models like Bert, Resnet; / Practical skills in building en-to-end ML training pipelines (data load, preprocess, train, inference), as well as GitHub / GitLab CI/CD flows; / Docker or Kubernetes platform; / Work experience as a Data Scientist more than 2 years."
AI Developer (Outsource),Prometeon tyres group – Egypt -,2 months ago,"Alexandria, Egypt",Full TimeOn-siteEntry Level · 0 - 2 Yrs of Exp · IT/Software Development · Engineering - Telecom/Technology · AI · Computer Science · Information Technology (IT) · Software Development,https://wuzzuf.net/jobs/p/xvz7wojwcxo4-ai-developer-outsource-prometeon-tyres-group-egypt-alexandria-egypt,Confidential,"Strong knowledge of Python and common AI libraries. / Understanding of Machine Learning concepts (classification, regression, clustering). / Familiarity with frameworks such as TensorFlow, PyTorch, or Scikit-learn. / Basic understanding of data structures and algorithms. / Experience working with data processing libraries (Pandas, NumPy). / Knowledge of REST APIs and integrating models into applications. / Familiarity with Git and version control. / Basic knowledge of SQL and databases. / Problem-solving mindset and ability to work in a team environment."
Senior Full-Stack Engineer Backend · Frontend · DevOps · Cloud Infrastructure,Confidential -,28 days ago,"Munich, Germany",Full TimeRemoteExperienced · 2 - 5 Yrs of Exp · IT/Software Development · Cloud · DevOps · Information Technology (IT) · Software Development · Computer Science · Software Engineering,https://wuzzuf.net/jobs/p/gsoalsfptcfl-senior-full-stack-engineer-backend-frontend-devops-cloud-infrastructure-munich-germany,Confidential,"2 – 5 years of hands-on professional experience in full-stack software development / Deep working knowledge of at least one backend framework (Fastify, NestJS, FastAPI, Gin, or ASP.NET Core) / Solid frontend experience with React or Next.js — you understand how the browser renders and optimizes content, not just how to write components / Strong SQL fundamentals: schema design, normalization, indexing, query planning, and performance tuning in PostgreSQL / Experience with MongoDB: schema design for document-oriented data, aggregation pipelines, indexing strategies / Practical experience with Docker — containerizing applications, writing multi-stage Dockerfiles, running Docker Compose environments / Familiarity with at least one cloud platform — AWS, Hetzner, or equivalent — for deploying and operating live production services / Understanding of web performance: what affects load times, how to measure it (Lighthouse, WebPageTest, Core Web Vitals), and how to fix it / Solid grasp of web security principles: OWASP Top 10, secure coding practices, secrets management, and dependency vulnerability awareness / Experience writing unit, integration, and end-to-end tests (Jest, Vitest, Playwright, Cypress, or equivalent) / Strong command of English for asynchronous and synchronous communication with an international team"
Database Vendor Support,Efada Technology -,2 months ago,"Cairo, Egypt",Full TimeOn-siteExperienced · 4+ Yrs of Exp · Customer Service/Support · IT/Software Development · Engineering - Telecom/Technology · Computer Science · Customer Support · Database · Information Technology (IT) · SQL · Linux · Microsoft SQL Server,https://wuzzuf.net/jobs/p/ongwukao8xnv-database-vendor-support-efada-technology-cairo-egypt,Confidential,"Bachelor’s degree in computer science, Information Systems, or equivalent experience. / 4+ years of hands-on DBA experience with strong, demonstrable expertise in at least two of: MongoDB, MySQL/MariaDB, Microsoft SQL Server. / Proven track record of resolving complex production incidents and driving long-term improvements. / Deep SQL expertise and experience optimizing complex queries, indexing strategies, and execution plans; familiarity with MongoDB query optimization and sharding strategies. / Strong experience with HA, replication, clustering, sharding, and disaster recovery design and operations. / Hands-on experience with cloud-managed database services (AWS RDS/Aurora, Azure SQL, Google Cloud SQL, MongoDB Atlas) and hybrid cloud deployments. / Experience with database migration projects, schema evolution strategies, and zero-downtime deployment techniques. / Proficiency with monitoring/observability tools and log analysis; strong diagnostic skills for performance and resource-related issues. / Scripting/automation skills (Python, Bash, PowerShell) and experience with configuration management / IaC (Ansible, Terraform, CI/CD tooling). / Solid understanding of Linux and Windows server environments, storage, and networking as they relate to database performance. / Excellent communication skills; comfortable coordinating with vendors (MongoDB, Microsoft, Oracle, etc.) and presenting technical information to stakeholders. / Strong documentation skills and commitment to operational excellence and compliance. / English proficiency required for vendor interaction and technical documentation."
Application Support Engineer,etisal for advanced industries  -,28 days ago,"6th of October, Giza, Egypt",Full TimeOn-siteEntry Level · 1 - 3 Yrs of Exp · IT/Software Development · Computer Science · Application Support · Engineering · Information Technology (IT),https://wuzzuf.net/jobs/p/o2h2xl5duxsw-application-support-engineer-etisal-for-advanced-industries-giza-egypt,Confidential,"BA in Computer Science or equivalent. / 1-3 years of experience with same position / Proficiency in Microsoft Office (Excel, Outlook, Word, and PowerPoint). / Previous Experience using ERP / Excellent in English."
DevOps Specialist,Gulf Data International  -,2 months ago,"Heliopolis, Cairo, Egypt",Full TimeRemoteExperienced · 6 - 10 Yrs of Exp · IT/Software Development · API · DevOps,https://wuzzuf.net/jobs/p/7w8n4ziykj6a-devops-specialist-gulf-data-international-cairo-egypt,Confidential,"Minimum of 6 years of professional DevOps experience. / Relevant certifications in cloud technologies or DevOps practices are advantageous. / Excellent problem-solving abilities and strong collaboration skills. / Capacity to thrive in fast-paced, Agile environments."
Odoo ERP Implementer,KZ for Pesticides and Chemicals.  -,2 months ago,"Dokki, Giza, Egypt",Full TimeOn-siteEntry Level · 0 - 2 Yrs of Exp · Accounting/Finance · IT/Software Development · Engineering - Telecom/Technology · Computer Science · Information Technology (IT) · ERP · Odoo · Python · SQL · JavaScript,https://wuzzuf.net/jobs/p/7zctekbzg2vb-odoo-erp-implementer-kz-for-pesticides-and-chemicals-giza-egypt,Confidential,"Educational Background: A degree in Computer Science, Information Technology, or a related field is highly desirable. / Technical Skills: Proficiency in Python, SQL, and JavaScript is essential. Familiarity with Odoo development and database management is a significant advantage. / ERP Knowledge: Prior experience with Odoo is a Must. / Soft Skills: Excellent communication, problem-solving, and project management skills are crucial for success in this role. / Experience: 1-3 years of experience in ERP implementation or software development. Entry-level candidates with a strong aptitude for learning are encouraged to apply. / Documentation: Ability to create clear and concise technical documentation."
Odoo Developer (Mid-Level),ecoSAS International -,2 months ago,"Giza, Egypt",Full TimeOn-siteExperienced · 3+ Yrs of Exp · IT/Software Development · Engineering - Telecom/Technology · Information Technology (IT) · Odoo · Computer Science · Odoo Development · Technology · Python · Development,https://wuzzuf.net/jobs/p/eywvysz560lt-odoo-developer-mid-level-ecosas-international-giza-egypt,Confidential,"Qualifications  / Bachelor’s degree in Computer Science, Information Technology, or Information Systems / 3+ years of Odoo development experience.  / Strong proficiency in Python and Web Services."
Business Analyst,Ibn Sina Pharma -,2 months ago,"New Cairo, Cairo, Egypt",InternshipHybridEntry Level · IT/Software Development · Analyst/Research · Engineering - Telecom/Technology · Analysis · Business Analysis · Computer Science · Data Analysis · Information Technology (IT) · Python · SQL,https://wuzzuf.net/internship/u1p4bogldozr-business-analyst-ibn-sina-pharma-cairo-egypt,Confidential,"Educational Background: A Bachelor's degree in Computer Science, Information Technology, or a related field is highly desirable. / Technical Skills: Proficiency in SQL and Python is a significant advantage. Familiarity with data visualization tools is a plus. / Analytical Abilities: Strong analytical and problem-solving skills are essential. / Communication Skills: Excellent written and verbal communication skills are required. / Experience: 0-1 years of relevant experience. Entry-level candidates are encouraged to apply. / Essential Skills: Must be proficient in Analysis, Business Analysis, Data Analysis, Critical Thinking, and Process Improvement. / Other Attributes: A proactive attitude, a strong work ethic, and a passion for technology are highly valued."
Senior Data Scientist,Egabi FSI  -,2 months ago,"Sheraton, Cairo, Egypt",Full TimeOn-siteExperienced · 3+ Yrs of Exp · IT/Software Development · Engineering - Telecom/Technology · Computer Science · Data Mining · Data Science · data scientist · Hadoop · Machine Learning · Python · SQL,https://wuzzuf.net/jobs/p/o1a7fazksizo-senior-data-scientist-egabi-fsi-cairo-egypt,Confidential,"Bachelor’s degree in Computer Science, Data Science, or a related field. / Proven experience as a Data Scientist or in a similar analytical role. / Proficiency in programming languages such as Python, R scripting, or SQL. / Experience with machine learning frameworks and libraries (e.g., TensorFlow, scikit-learn, PyTorch). / Strong knowledge of statistical analysis, data mining, and data visualization techniques. / Familiarity with data visualization tools such as Tableau, Power BI, or Matplotlib. / Excellent problem-solving skills, result-oriented, and attention to detail. / Strong communication skills with the ability to explain complex concepts to non-technical stakeholders. / Experience with big data technologies (e.g., Hadoop, Spark) is a plus. / Knowledge of cloud platforms (e.g., AWS, Google Cloud, Azure) is desirable. / Excellent English speaking and business writing"
Tech Lead / Principal Engineer – Full‑Stack & AI Systems,Makkook.AI -,2 months ago,"Maadi, Cairo, Egypt","Full TimeOn-siteSenior Management · 8 - 20 Yrs of Exp · Engineering - Telecom/Technology · Tech Lead / Principal Engineer – Full‑Stack & AI Systems · Backend (Mandatory): Python, Node.js, or .NET Core; REST APIs; database design (PostgreSQL, SQL Server); distributed systems; caching, queues, performance optimization Frontend (Mandatory): React/Next.js or Angular; data‑heavy dashboards; state management · Front-End Development · Mobile App Development · DevOps · Network Infrastructure · Software Testing · Quality Management · Data Integration",https://wuzzuf.net/jobs/p/blne8rf8kvkp-tech-lead-principal-engineer-fullstack-ai-systems-makkook-ai-cairo-egypt,Confidential,7+ years in software engineering / 2–3+ years in a technical leadership role / Proven experience building and scaling production systems
Senior Full-Stack Engineer,Oliv -,2 months ago,"Cairo, Egypt",Full TimeHybridExperienced · 5+ Yrs of Exp · IT/Software Development · Engineering - Telecom/Technology · Golang · Go · Python · PostgreSQL · Docker · DevOps · Fintech · Payments,https://wuzzuf.net/jobs/p/c1uddf4aotdw-senior-full-stack-engineer-oliv-cairo-egypt,Confidential,Not Specified
AI Engineer (LLM & AI Applications),Exab -,2 months ago,"Cairo, Egypt",Full TimeOn-siteExperienced · 3 - 7 Yrs of Exp · IT/Software Development · Analyst/Research · Engineering - Telecom/Technology · AI · Computer Science · Engineering · Information Technology (IT) · Data Science · LLMs (Large Language Models) · Python,https://wuzzuf.net/jobs/p/zswfgfcppaym-ai-engineer-llm-ai-applications-exab-cairo-egypt,Confidential,"Experience: 3-7 years of proven experience in AI, Machine Learning, or a related field. / Education: Bachelor's or Master's degree in Computer Science, Engineering, Data Science, or a related field. / Technical Skills: Strong proficiency in Python, TensorFlow, PyTorch, and other relevant AI/ML frameworks. / LLMs: Hands-on experience with Large Language Models and their application in real-world scenarios. / NLP: Solid understanding of Natural Language Processing techniques. / AI Application Development: Experience in developing and deploying AI applications from concept to production. / Web Scraping: Proficiency in web scraping techniques for data collection. / Analytical Skills: Strong analytical and problem-solving skills."
Technical Support Engineer II - Fluent French,Docusign -,2 months ago,"Cairo, Egypt",Full TimeRemoteExperienced · 2 - 5 Yrs of Exp · IT/Software Development · Engineering - Telecom/Technology · Engineering · Information Technology (IT) · Technical Support · SaaS · XML · JSON · Wireshark · Fiddler,https://wuzzuf.net/jobs/p/hxkq0hqjsym4-technical-support-engineer-ii-fluent-french-docusign-cairo-egypt,Confidential,"Fluent French with strong English (written and spoken) for daily collaboration across global teams. / Bachelor’s degree in Computer Science, Engineering or a related field, or equivalent hands‑on experience in a technical support environment. / 2+ years troubleshooting SaaS products in a Technical Support (or similar) role, preferably in a customer-facing capacity. / Comfortable working with web-based environments (HTTP, JSON, IIS, HTML, CSS) and at least some of: XML, C#, Python, PHP, JavaScript, jQuery. / Confident using log and network analysis tools (e.g. Wireshark, Fiddler, Charles Proxy, browser developer tools) to get to the root cause. / Exposure to Salesforce administration, Microsoft, Dynamics and/or SharePoint administration."
ERP Senior Specialist – Odoo,MATGR For Engineering And Trading -,2 months ago,"New Cairo, Cairo, Egypt",Full TimeOn-siteExperienced · 2 - 4 Yrs of Exp · IT/Software Development · Engineering - Telecom/Technology · Computer Science · ERP · Odoo · ERP Implementation · oodo implementation · XML · HTML · Information Technology (IT),https://wuzzuf.net/jobs/p/jy17wohtf60j-erp-senior-specialist-odoo-matgr-for-engineering-and-trading-cairo-egypt,Confidential,"Technical: Odoo framework, Python, ORM, API, JavaScript, XML, HTML. / Functional: Hands-on experience with Odoo versions 8 through 17 is highly desirable. Demonstrated ability to gather and analyze client requirements and translate them into effective solutions. / Excellent communication and interpersonal skills for client-facing interactions. / Proficiency in documenting business processes, functional requirements, and user guides. / Ability to work independently and collaboratively in a fast-paced, remote environment. / Strong problem-solving skills and attention to detail. Experience with data migration, system integration, and user training. / Soft Skills: Communication, Troubleshooting, Training, Project Management. / Bachelor's degree in Business, Information Systems, Computer Science, or a related field."
Odoo Developer,AzkaTech -,2 months ago,"Cairo, Egypt",Full TimeRemoteExperienced · 3+ Yrs of Exp · IT/Software Development · Engineering - Telecom/Technology · Computer Science · Information Technology (IT) · Odoo · CSS · Development · Git · HTML · JavaScript,https://wuzzuf.net/jobs/p/q9lu6ylbftja-odoo-developer-azkatech-cairo-egypt,Confidential,"Minimum 3 years of professional experience in Odoo development. / Bachelor’s degree in Computer Science or a related field. / Strong proficiency in Python and the Odoo framework (ORM, API). / Solid knowledge of Odoo front-end technologies (XML, JavaScript/OWL, HTML, CSS). / Strong understanding of PostgreSQL and relational databases. / Experience developing and customizing Odoo modules from scratch. / Experience integrating Odoo with third-party applications. / Familiarity with Git version control. / Understanding of Odoo domains such as Accounting, Inventory, Manufacturing, HR, or Reporting is a plus. / Excellent problem-solving and communication skills. / Excellent English Communication / Ability to work independently and collaborate effectively in a remote environment."
AI & Data Science Engineer,Raya Distribution -,2 months ago,"Cairo, Egypt",Full TimeOn-siteEntry Level · 1+ Yrs of Exp · IT/Software Development · Engineering - Telecom/Technology · AI · Computer Engineering · Computer Science · Data Science · Information Technology (IT) · Software Engineering · Python · SQL,https://wuzzuf.net/jobs/p/r1yxretv7hyo-ai-data-science-engineer-raya-distribution-cairo-egypt,Confidential,"Strong knowledge of Python (Pandas, NumPy, Scikit-learn, etc.) / Experience with Machine Learning & Statistical Modeling / Experience in data preprocessing and feature engineering / Strong SQL knowledge and experience with relational databases / Experience with data visualization tools (Power BI, Tableau, or similar) / Understanding of model evaluation metrics and validation techniques / Experience working with APIs and model deployment"
Technical Recruiter / Technical Software Engineer (Hiring & Candidate Evaluation),Agency -,2 months ago,"Cairo, Egypt",Freelance / ProjectRemoteExperienced · 3 - 7 Yrs of Exp · Human Resources · IT/Software Development · Technical Recruitment · Technical Screening · Candidate Evaluation · Interviewing · Talent acquisition · English Fluency · Technical Assessment · Coding Test Review,https://wuzzuf.net/jobs/p/wnivckcf1ryg-technical-recruiter-technical-software-engineer-hiring-candidate-evaluation-agency-cairo-egypt,Confidential,"Strong technical background in software engineering or computer science / Prior experience in technical recruiting, technical interviewing, or engineering candidate assessment / Ability to understand and evaluate software engineering skills across common stacks such as Python, JavaScript, backend systems, APIs, and related technologies / Strong ability to independently review coding tests and validate whether a candidate truly meets the required standard / Excellent written and spoken English / Must be able to assess whether a candidate’s English is fluent and work-ready / Strong judgment, attention to detail, and ability to detect weak or misleading candidate performance / Organized, reliable, and capable of handling multiple candidates efficiently"
Data Scientist And Machine learning Engineer - Applied AI & Knowledge Sharing,EpsilonAI -,2 months ago,"Nasr City, Cairo, Egypt",Full TimeHybridEntry Level · 0 - 3 Yrs of Exp · IT/Software Development · Engineering - Telecom/Technology · Data Science · Machine Learning · Python Programming · Teaching & Instruction · Curriculum Development · Statistical Analysis · Communication · AI Tools & Frameworks,https://wuzzuf.net/jobs/p/hif824t4axxr-data-scientist-and-machine-learning-engineer-applied-ai-knowledge-sharing-epsilonai-cairo-egypt,Confidential,"Bachelor’s degree in Computer Science, Computer Engineering, Software Engineering, Information Systems, or any related technical field (required) / 0-3 years of professional experience in data science, machine learning, or artificial intelligence."
Senior Demand Planning,ICON Holding -,9 days ago,"Helwan, Cairo, Egypt",Full TimeOn-siteExperienced · 3 - 5 Yrs of Exp · Logistics/Supply Chain · Other · Demand Planning · Engineering · Supply Chain · Planning · Analysis · ERP · Forecasting · Sales,https://wuzzuf.net/jobs/p/4w0jegr1l0rx-senior-demand-planning-icon-holding-cairo-egypt,Confidential,"Bachelor’s degree in Supply Chain, Industrial Engineering. / 3-5 years of experience in demand planning or supply chain analytics / Strong knowledge of forecasting techniques (time series, regression, machine learning basics) / Hands-on experience with ERP/APS systems (e.g., SAP APO, SAP IBP) / Advanced proficiency in Excel and data analysis tools / Experience with SQL or Python is a strong advantage / Strong analytical thinking and problem-solving skills"
Junior GIS Technician,Citylogix ME   -,25 days ago,"Katameya, Cairo, Egypt",Full TimeOn-siteEntry Level · 0 - 3 Yrs of Exp · Engineering - Other · Arc GIS · GIS · QGIS,https://wuzzuf.net/jobs/p/fjjxhm9qrq1a-junior-gis-technician-citylogix-me-cairo-egypt,Confidential,"Bachelor’s or Certificate in Computer Science, Geomatics Engineering, GIS or related field. / Experience of working with ArcGIS a plus / Familiarity or experience working with QGIS and python is a plus."
Computer Software Developer,Industrial Modernisation Centre (IMC) -,7 days ago,"Nasr City, Cairo, Egypt",Full TimeOn-siteExperienced · 3 - 5 Yrs of Exp · IT/Software Development · Computer Science · Information Technology (IT) · Software Development · Software Engineering,https://wuzzuf.net/jobs/p/pkscdyrd5uo5-computer-software-developer-industrial-modernisation-centre-imc-cairo-egypt,Confidential,Bachelor’s degree in Computer Science or a related field. / 3 to 5 years of experience in software development. / Experience in developing applications using Oracle Forms. / Proficiency in Python programming and the Django framework. / Experience in developing web applications using PHP. / Strong knowledge of databases and writing queries using SQL. / Experience in developing user interfaces using HTML / CSS / JavaScript. / Proficiency in using Bootstrap for responsive design. / Strong problem-solving and analytical skills. / Ability to work effectively within a team. / Proficiency in both Arabic and English.
Software Engineer,Confidential -,4 days ago,"Mohandessin, Giza, Egypt",Full TimeOn-siteEntry Level · 1 - 3 Yrs of Exp · IT/Software Development · Agile · Computer Science · Information Technology (IT) · Software Development Life Cycle (SDLC) · Problem-solving · Object-Oriented Programming (OOP) · Data Structures · Algorithms · Version Control (Git),https://wuzzuf.net/jobs/p/5m1tjs1jg0i1-software-engineer-giza-egypt,Confidential,"Bachelor's degree in Computer Science, Software Engineering, or related field / Proficiency in at least one programming language (e.g., Python, JavaScript, Java, etc.) / Familiarity with AI coding assistants and prompt engineering / Basic understanding of software testing methodologies (manual and/or automated) / Strong problem-solving and analytical skills"
Senior BIM Engineer,Estithmar Holding  -,19 hours ago,"Downtown, Cairo, Egypt",Full TimeOn-siteExperienced · 4 - 6 Yrs of Exp · Engineering - Construction/Civil/Architecture · Autodesk Revit · Architecture · Engineering · Navisworks · AutoCAD · AutoCAD Architecture · Autodesk Autocad · Autodesk,https://wuzzuf.net/jobs/p/wkg7m79b6smh-senior-bim-engineer-estithmar-holding-cairo-egypt,Confidential,"Bachelor's degree in architecture. / Minimum 4-6 years of experience in BIM implementation and coordination. / Proficiency in BIM tools: Autodesk Revit, Navisworks, AutoCAD, BIM 360, Civil 3D. / Familiarity with Clash Detection, LOD standards, COBie, ISO 19650, and CDE workflows. / Experience in working on large-scale infrastructure or building projects. / Strong knowledge of construction methods, engineering principles, and project lifecycle. / Experience in scripting (Dynamo, Python) is an advantage. / Excellent communication and coordination skills. / BIM certifications (e.g., Autodesk Certified Professional, BRE, buildingSMART) are a plus."
Full Stack Developer,Ibn Sina Pharma -,7 days ago,"Obour City, Cairo, Egypt",Full TimeHybridExperienced · 1 - 3 Yrs of Exp · Creative/Design/Art · IT/Software Development · Engineering - Telecom/Technology · Angular · Computer Science · React · HTML · .Net · Node.js · CSS,https://wuzzuf.net/jobs/p/uvdizpluunee-full-stack-developer-ibn-sina-pharma-cairo-egypt,Confidential,Not Specified
AI Prompt Engineer,Inventors Incubator -,2 days ago,"Alexandria, Egypt",Full TimeOn-siteEntry Level · 1+ Yrs of Exp · IT/Software Development · AI · Computer Science · Software Development,https://wuzzuf.net/jobs/p/u8jus9utthq0-ai-prompt-engineer-inventors-incubator-alexandria-egypt,Confidential,"Strong understanding of AI/ML concepts, especially Large Language Models / Experience with prompt engineering and working with AI tools (e.g., ChatGPT, Claude, Windsurf, APIs) / Background in software development (Python, JavaScript, React, Node.js, React Native or similar) / Analytical mindset with strong problem-solving skills / Excellent communication and documentation abilities / Ability to work in a collaborative, fast-paced environment / Experience with AI frameworks and APIs (OpenAI, Hugging Face, etc.) / Familiarity with NLP concepts / Experience in testing and evaluating AI outputs"
Application Support Engineer,e-finance -,19 days ago,"Smart Village, Giza, Egypt",Full TimeOn-siteEntry Level · 0 - 2 Yrs of Exp · IT/Software Development · Application Support · Computer Science · Information Technology (IT),https://wuzzuf.net/jobs/p/brdy8volk233-application-support-engineer-e-finance-giza-egypt,Confidential,"Bachelor's degree in computer science, Engineering, or related discipline with an IT focus is preferred. / • Fresh graduates or maximum 1 year experience in Application support preferred banking and transactions processing fields or Government Projects is a plus / • Analytical thinking and problem determination capabilities. / • System Integrations and APIs, Postman and SOAP UI awareness is a must. / • MS SQL, Oracle SQL hands on Experience is preferable. / • Basic Networking knowledge / • Basic Linux commands. / • Awareness of IT systems Architecture. / • Python Knowledge is a plus. / • Kubernetes and OpenShift knowledge are a plus. / • No-SQL DB knowledge is a plus. / • Kibana logging and ELK knowledge is a plus"
Senior Machine Learning Engineer,Solship -,19 days ago,"Cairo, Egypt",Full TimeRemoteExperienced · 3 - 7 Yrs of Exp · Engineering - Telecom/Technology · Engineering - Mechanical/Electrical · Machine Learning · Computer Science · Software Engineering,https://wuzzuf.net/jobs/p/7j1nv1ifczfr-senior-machine-learning-engineer-solship-cairo-egypt,Confidential,Not Specified
Software Engineer,Boysen Egypt -,8 days ago,"6th of October, Giza, Egypt",Full TimeOn-siteExperienced · 3 - 5 Yrs of Exp · IT/Software Development · Engineering - Telecom/Technology · Computer Science · Information Technology (IT) · Software Development · Software Engineering · C/C++ · CAN · Paython,https://wuzzuf.net/jobs/p/gjyttdn4krkd-software-engineer-boysen-egypt-giza-egypt,Confidential,"Bachelor’s degree in computer science, Electrical Engineering, or a comparable qualification / From 3 to 5 years’ experience in embedded software development, ideally in the automotive sector / Knowledge of the programming languages C/C++ and Python / Experience in developing software for real-time operating systems / Knowledge of CAN and LIN bus systems and the corresponding communication protocols / Familiarity with development processes according to ASPICE / Experience in development in accordance with the MISRA-C programming standard is a plus / Knowledge of AUTOSAR Classic and build systems (e.g., CMake, Jenkins) is a plus / Ability to work in a team, structured approach to work, and commitment to quality"
Research Manager,Harvest Foods -,1 month ago,"Sheikh Zayed, Giza, Egypt",Full TimeOn-siteManager · 5 - 7 Yrs of Exp · Marketing/PR/Advertising · Analyst/Research · Sales/Retail · Market Research · Research · Forecasting,https://wuzzuf.net/jobs/p/h5twgkjrm78k-research-manager-harvest-foods-giza-egypt,Confidential,"Bachelor’s/master’s degree in marketing, Business, Economics, Statistics, or related field. / 5–7 years of experience in market research agencies (Nielsen, Ipsos, Kantar, etc.) is a must. / Strong expertise in consumer panel data, retail audits, and advanced forecasting models. / Proficiency in statistical software (SPSS, R, Python, or equivalent) and data visualization tools (Power BI, Tableau). / Excellent communication and presentation skills, with the ability to influence senior stakeholders. / Strong business acumen and understanding of FMCG dynamics."
Odoo Specialist,YONI Furniture  -,1 month ago,"Cairo, Egypt",Full TimeOn-siteEntry Level · 1 - 3 Yrs of Exp · IT/Software Development · Engineering - Telecom/Technology · Computer Science · ERP · Information Technology (IT) · Odoo · ERP Implementation,https://wuzzuf.net/jobs/p/jxxfiisdgagk-odoo-specialist-yoni-furniture-cairo-egypt,Confidential,"Bachelor’s degree in Computer Science, Information Systems, Business Information Technology, or a related field. / 1-3 years of experience in Odoo implementation or ERP systems. / Strong understanding of Odoo modules (Sales, CRM, Accounting, Inventory, HR, etc.). / Experience with business process analysis and ERP implementation projects. / Basic understanding of Python, PostgreSQL, and Odoo framework is a plus. / Experience with data migration and system integration. / Strong analytical and problem-solving skills. / Excellent communication and stakeholder management skills. / Very good command of English."
Senior Odoo Developer,Arma-HSA -,1 month ago,"New Cairo, Cairo, Egypt",Full TimeOn-siteExperienced · 3 - 5 Yrs of Exp · IT/Software Development · Odoo · Software Development · Computer Science · Information Technology (IT) · Agile · CSS · Engineering · HTML5 · JavaScript,https://wuzzuf.net/jobs/p/gtiricpm78pb-senior-odoo-developer-arma-hsa-cairo-egypt,Confidential,"Education: Bachelor's degree in computer science, Information Technology, Software Engineering, or a related field. / Experience: A minimum of 3-5 years of dedicated experience in Odoo development and customization. / Odoo Certification: Official Odoo Functional or Technical certification is highly desirable. / Expert-level knowledge of Python and the Odoo framework (including the ORM API). / Strong proficiency in PostgreSQL with the ability to write efficient SQL queries. / Solid understanding of web technologies: JavaScript, HTML5, CSS, XML, and QWeb. / Extensive experience with API integrations (XML-RPC, REST). / Excellent problem-solving, analytical, and critical-thinking skills. / Strong communication and interpersonal skills, with the ability to explain complex technical concepts to nontechnical stakeholders. / Experience working in an Agile/Scrum development environment. / Familiarity with SAP systems is highly preferred and/or FMCG industry experience"
Cyber Security Engineer,Saudi German Hospital  -,29 days ago,"New Nozha, Cairo, Egypt",Full TimeOn-siteExperienced · 5 - 10 Yrs of Exp · IT/Software Development · Computer Science · Cyber Security · Engineering · Information Technology (IT) · Security · Fortinet · Information Security · Cisco · Linux,https://wuzzuf.net/jobs/p/xzcakglqc9b7-cyber-security-engineer-saudi-german-hospital-cairo-egypt,Confidential,"Bachelor’s degree in Computer Science, Information Security, or related field. / 5–10 years of experience in cybersecurity or information security. / Strong knowledge of network security, firewalls, VPNs, IDS/IPS, and SIEM tools. / Experience with security tools such as (e.g., Splunk, Fortinet, Palo Alto, Cisco Security). / Familiarity with operating systems (Windows, Linux) and cloud security (AWS, Azure is a plus). / Knowledge of security frameworks and standards (ISO 27001, NIST, etc.). / Experience in incident response and threat analysis. / Relevant certifications are a plus (CISSP, CEH, CISM, Security+). / Strong analytical and problem-solving skills. / Good communication skills and ability to work in a team environment."
Senior AI Backend Engineer - Remotely,Taa Consultancy -,1 month ago,"Cairo, Egypt",Full TimeRemoteExperienced · 4 - 7 Yrs of Exp · IT/Software Development · AI · Computer Science · Software Development · Software Engineering,https://wuzzuf.net/jobs/p/hhik01jhfm0o-senior-ai-backend-engineer-remotely-taa-consultancy-cairo-egypt,Confidential,"5+ Years of Experience. / Python & Frameworks: Django and/or FastAPI in production, async Python (asyncio, async/await) / AI Integration: LLM APIs (OpenAI, Gemini, etc.), prompt engineering, token/cost optimization / Databases: PostgreSQL (query optimization, indexing), Redis (caching, queuing)  Async Processing: Celery or equivalent, message brokers (RabbitMQ, Redis, SQS) / DevOps: Docker, Git, cloud platforms (AWS/GCP), CI/CD pipelines / API Design: RESTful principles, authentication, rate limiting, error handling."
Full Stack Developer,Riyada -,2 months ago,"Maadi, Cairo, Egypt",Full TimeOn-siteExperienced · 3 - 7 Yrs of Exp · Creative/Design/Art · IT/Software Development · Engineering - Telecom/Technology · Information Technology (IT) · Software Development · Computer Science · JavaScript,https://wuzzuf.net/jobs/p/p4pzoizjqjn3-full-stack-developer-riyada-cairo-egypt,Confidential,"Bachelor’s degree in computer science, Information Technology, or related field. / Strong knowledge of front-end and back-end languages (e.g., JavaScript, Python, Java, Ruby). / Experience with modern frameworks (e.g., React, Angular, Node.js). / Proficiency in SQL and/or NoSQL database design. / Experience with Git, Docker, and API design. / Have strong collaboration, attention to detail, and analytical skills to complement their technical skills. / Ability to learn continuously and keep up with modern technologies."
Middle Automation QA Engineer.,Vertex Technologies  -,26 days ago,"Cairo, Egypt",Full TimeOn-siteExperienced · 2+ Yrs of Exp · IT/Software Development · Quality · Test Automation · Selenium · Cypress · CI/CD · API Testing · Agile Methodologies · Bug Tracking · Quality Assurance,https://wuzzuf.net/jobs/p/uusoe8wzc6ov-middle-automation-qa-engineer-vertex-technologies-cairo-egypt,Confidential,At least 2 years of commercial experience as a QA automation engineer. / Proficiency in a test automation-capable programming language (Python\JS\TS\C#…). / Deep understanding of Agile methodology and software development principles. / Experience in developing end-to-end UI and\or API tests. / Experience in working with bug-tracking and test management systems. / Experience with Git. / English skills at the upper-intermediate or higher level.
Junior Automation QA Engineer,Vertex Technologies  -,8 days ago,"Cairo, Egypt",Full TimeOn-siteEntry Level · 1+ Yrs of Exp · IT/Software Development · Quality · Automation Testing · Agile Methodologies · SDLC · Software Quality Assurance · Problem Solving · Team Collaboration,https://wuzzuf.net/jobs/p/0kvgq7bbtvmc-junior-automation-qa-engineer-vertex-technologies-cairo-egypt,Confidential,"At least 1 year of hands-on experience with one programming language, such as Python, JavaScript, or C# / Basic understanding of automated testing concepts and tools / Understanding of Agile methodology and software development principles / Strong problem-solving and analytical skills / English skills at the upper-intermediate or higher level / Experience in working with bug-tracking systems and version control systems"
Senior Database Admin & Developer (SQL),BI-Technologies -,26 days ago,"New Cairo, Cairo, Egypt",Full TimeHybridExperienced · 5+ Yrs of Exp · Installation/Maintenance/Repair · IT/Software Development · Engineering - Telecom/Technology · Database Administrator · Information Technology (IT) · Computer Science · Database · SQL · backend · API,https://wuzzuf.net/jobs/p/zj23qr0die8o-senior-database-admin-developer-sql-bi-technologies-cairo-egypt,Confidential,"Technical Proficiency: Expert-level knowledge of RDBMS (mainly MS SQL Server) and SQL. / Development Skills: Experience with database programming (Stored Procedures, Triggers, Views) and scripting languages (e.g., PowerShell, Python). / Analytical Skills: Strong problem-solving and debugging abilities for performance issues. / Education: Bachelor’s degree in Computer Science, IT, or related field, often with 3-5+ years of experience."
Senior AI Engineer,Fixed Solutions -,2 months ago,"Cairo, Egypt",Full TimeHybridExperienced · 3+ Yrs of Exp · IT/Software Development · Engineering - Telecom/Technology · Engineering - Mechanical/Electrical · AI · Computer Science · Engineering · Information Technology (IT) · Software Development,https://wuzzuf.net/jobs/p/9usjkdrrogts-senior-ai-engineer-fixed-solutions-cairo-egypt,Confidential,Not Specified
Testing Engineer,Efada Technology -,29 days ago,"Cairo, Egypt",Full TimeRemoteExperienced · 3 - 7 Yrs of Exp · IT/Software Development · Quality · Engineering - Telecom/Technology · API · Appium · Architecture · Design · AWS · Linux · Docker,https://wuzzuf.net/jobs/p/isndrwtncedg-testing-engineer-efada-technology-cairo-egypt,Confidential,"Comfortable working on Linux/Ubuntu / Very good understanding of Client-server architecture and Web architecture / Git & Linux essentials / Design Tests cases that are concise, atomic, durable, understandable, deterministic and accurat / (CADUDA) / HTTP, SOAP & REST APIs / Relational & NoSQL Databases / Python3 programming / Average understanding of following testing tools/framework / o Selen / o Appium / Zephyr Scale, OWASP Zed Attack Proxy (ZAP), Grafana K / Docker Containers basics (Building & Running), Kubernete / AWS Basics (Lambda Functions, S3, SQS, DynamoDB, ECS, API Gateway) / Gitlab-CI/GitHub Pipeline / Swagger/OAS3, JWT, OAuth2, OpenID Connect"
Middle DevOps Engineer,Vertex Technologies  -,2 months ago,"Cairo, Egypt",Full TimeOn-siteEntry Level · 1+ Yrs of Exp · IT/Software Development · Linux · network fundamentals · web server setup · application deployments · database setup · cloud platforms · Git · Docker · Kubernetes,https://wuzzuf.net/jobs/p/m2vfkpth4l4x-middle-devops-engineer-vertex-technologies-cairo-egypt,Error fetching,Error fetching
Senior Data Engineer,GB Corp -,1 month ago,"Giza, Egypt",Full TimeOn-siteExperienced · 3 - 7 Yrs of Exp · IT/Software Development · Engineering - Telecom/Technology · Computer Science · Information Technology (IT) · Software Development · Engineering,https://wuzzuf.net/jobs/p/desxrlp7krfz-senior-data-engineer-gb-corp-giza-egypt,Error fetching,Error fetching
Cybersecurity Engineer,Dewan Architects and Engineers  -,19 days ago,"New Cairo, Cairo, Egypt",Full TimeOn-siteExperienced · 3 - 7 Yrs of Exp · IT/Software Development · Computer Science · Cybersecurity · Information Technology (IT) · BIM 360 · AEC platforms · Automation · Automation Systems · SIEM · MFA,https://wuzzuf.net/jobs/p/jgxwmzsx9myh-cybersecurity-engineer-dewan-architects-and-engineers-cairo-egypt,Error fetching,Error fetching
Middle Data Scientist,Vertex Technologies  -,2 months ago,"Cairo, Egypt",Full TimeOn-siteExperienced · 2+ Yrs of Exp · IT/Software Development · Data Analysis · Machine Learning · Statistical Modeling · Data Visualization · Big Data Technologies · Problem Solving · Communication · LLM orchestration tools · Databases,https://wuzzuf.net/jobs/p/ytubatrtqqp2-middle-data-scientist-vertex-technologies-cairo-egypt,Error fetching,Error fetching
AI Developer (Outsource),Prometeon tyres group – Egypt -,1 month ago,"Alexandria, Egypt",Full TimeOn-siteEntry Level · 0 - 2 Yrs of Exp · IT/Software Development · Engineering - Telecom/Technology · AI · Computer Science · Information Technology (IT) · Software Development,https://wuzzuf.net/jobs/p/xvz7wojwcxo4-ai-developer-outsource-prometeon-tyres-group-egypt-alexandria-egypt,Error fetching,Error fetching
"Senior AI Engineer (LLM, RAG & AI Systems for CX & Enterprise Solutions)",Confidential -,2 months ago,"Nasr City, Cairo, Egypt",Part TimeFreelance / ProjectRemoteExperienced · 2 - 6 Yrs of Exp · IT/Software Development · Artificial Intelligence (AI) · Software Development · Engineering · AI,https://wuzzuf.net/jobs/p/jnb8wlrudou3-senior-ai-engineer-llm-rag-ai-systems-for-cx-enterprise-solutions-cairo-egypt,Confidential,"Design and implement scalable AI system architectures integrated with existing platforms / Lead AI integration with enterprise systems, including .NET-based applications / Build and maintain:AI-powered APIs and servicesIntegration layers between AI systems and backend platformsRAG pipelines and knowledge systems / AI-powered APIs and services / Integration layers between AI systems and backend platforms / RAG pipelines and knowledge systems / Act as the AI technical reference for the team / Drive adoption of AI tools and AI-assisted development practices across engineering teams / Define best practices for:LLM usage and prompt engineeringRAG architecturesAI testing, evaluation, and monitoring / LLM usage and prompt engineering / RAG architectures / AI testing, evaluation, and monitoring"
"AI Engineer (Computer Vision, Speech, NLP & Generative AI)",Madar Soft -,1 month ago,"Fleming, Alexandria, Egypt",Full TimeRemoteExperienced · 3 - 5 Yrs of Exp · IT/Software Development · Engineering - Telecom/Technology · AI · Computer Science · Computer Vision · Engineering · Information Technology (IT) · NLP,https://wuzzuf.net/jobs/p/w0bib0poknfj-ai-engineer-computer-vision-speech-nlp-generative-ai-madar-soft-alexandria-egypt,Confidential,"Education: Bachelor’s or Master’s degree in Computer Science, Data Science, Statistics, or related field. / Experience: 3–5 years of hands-on experience developing and deploying machine learning models in production. / Technical Skills: / Strong programming skills in Python; familiarity with data science libraries (NumPy, Pandas, etc.). / Deep expertise in ML/DL frameworks: TensorFlow, PyTorch, Scikit-learn. / Experience with Computer Vision (YOLO, OpenCV) and Speech Recognition (NVIDIA Riva, Whisper, Kaldi, etc.). / Knowledge of LLMs and prompt engineering; experience with generative AI is a plus. / Proficiency in model training, fine-tuning, and deployment (ONNX, TensorRT, etc.). / Familiarity with NVIDIA tools (CUDA Toolkit, TAO Toolkit, DeepStream) is a bonus. / Strong Linux skills (Ubuntu, Bash scripting, system configuration). / Soft Skills: Excellent communication, problem-solving, and teamwork abilities. Able to explain complex concepts to non-technical stakeholders. / Bonus Points: / Experience with cloud AI platforms (AWS SageMaker, GCP Vertex AI, Azure ML). / MLOps experience (CI/CD, model monitoring, automated pipelines)."
Identity & Access Management (IAM) Specialist,Dewan Architects and Engineers  -,1 month ago,"New Cairo, Cairo, Egypt","Full TimeOn-siteExperienced · 3 - 7 Yrs of Exp · IT/Software Development · Engineering - Telecom/Technology · Access Management · Access Control · Information Technology (IT) · SSOP · federation (SAML 2.0, OAuth 2.0, OpenID Connect) · Security · Ticketing Systems",https://wuzzuf.net/jobs/p/vwoat2aerxxx-identity-access-management-iam-specialist-dewan-architects-and-engineers-cairo-egypt,Confidential,"Bachelor’s degree in Computer Science, Information Technology, Cybersecurity, or a related field (or equivalent experience). / 3+ years of hands-on experience in IAM / Access Management / Directory Services in an enterprise environment. / Strong working knowledge of Active Directory, Entra ID (Azure AD), group/role management, and identity lifecycle processes. / Experience with SSO and federation (SAML 2.0, OAuth 2.0, OpenID Connect) and MFA/conditional access policy design. / Familiarity with ticketing processes, change control, and maintaining clear support records in a fast-paced environment. / Strong troubleshooting and communication skills; ability to work independently and as part of a team. / Willingness to participate in occasional off-hours/weekend support for upgrades and initiatives."
Senior Full-Stack Engineer Backend · Frontend · DevOps · Cloud Infrastructure,Confidential -,2 months ago,"Munich, Germany",Full TimeRemoteExperienced · 2 - 5 Yrs of Exp · IT/Software Development · Cloud · DevOps · Information Technology (IT) · Software Development · Computer Science · Software Engineering,https://wuzzuf.net/jobs/p/gsoalsfptcfl-senior-full-stack-engineer-backend-frontend-devops-cloud-infrastructure-munich-germany,Confidential,"2 – 5 years of hands-on professional experience in full-stack software development / Deep working knowledge of at least one backend framework (Fastify, NestJS, FastAPI, Gin, or ASP.NET Core) / Solid frontend experience with React or Next.js — you understand how the browser renders and optimizes content, not just how to write components / Strong SQL fundamentals: schema design, normalization, indexing, query planning, and performance tuning in PostgreSQL / Experience with MongoDB: schema design for document-oriented data, aggregation pipelines, indexing strategies / Practical experience with Docker — containerizing applications, writing multi-stage Dockerfiles, running Docker Compose environments / Familiarity with at least one cloud platform — AWS, Hetzner, or equivalent — for deploying and operating live production services / Understanding of web performance: what affects load times, how to measure it (Lighthouse, WebPageTest, Core Web Vitals), and how to fix it / Solid grasp of web security principles: OWASP Top 10, secure coding practices, secrets management, and dependency vulnerability awareness / Experience writing unit, integration, and end-to-end tests (Jest, Vitest, Playwright, Cypress, or equivalent) / Strong command of English for asynchronous and synchronous communication with an international team"
Senior Devops Engineer,Link Development -,28 days ago,"Maadi, Cairo, Egypt",Full TimeHybridExperienced · 3 - 5 Yrs of Exp · IT/Software Development · Computer Science · DevOps · Information Technology (IT),https://wuzzuf.net/jobs/p/o1elefygyccj-senior-devops-engineer-link-development-cairo-egypt,Confidential,Microsoft Certified: DevOps Engineer Expert – Required / Azure Administrator/Developer Associate – Required / Kubernetes or Terraform certifications – Preferred
Database Vendor Support,Efada Technology -,2 months ago,"Cairo, Egypt",Full TimeOn-siteExperienced · 4+ Yrs of Exp · Customer Service/Support · IT/Software Development · Engineering - Telecom/Technology · Computer Science · Customer Support · Database · Information Technology (IT) · SQL · Linux · Microsoft SQL Server,https://wuzzuf.net/jobs/p/ongwukao8xnv-database-vendor-support-efada-technology-cairo-egypt,Confidential,"Bachelor’s degree in computer science, Information Systems, or equivalent experience. / 4+ years of hands-on DBA experience with strong, demonstrable expertise in at least two of: MongoDB, MySQL/MariaDB, Microsoft SQL Server. / Proven track record of resolving complex production incidents and driving long-term improvements. / Deep SQL expertise and experience optimizing complex queries, indexing strategies, and execution plans; familiarity with MongoDB query optimization and sharding strategies. / Strong experience with HA, replication, clustering, sharding, and disaster recovery design and operations. / Hands-on experience with cloud-managed database services (AWS RDS/Aurora, Azure SQL, Google Cloud SQL, MongoDB Atlas) and hybrid cloud deployments. / Experience with database migration projects, schema evolution strategies, and zero-downtime deployment techniques. / Proficiency with monitoring/observability tools and log analysis; strong diagnostic skills for performance and resource-related issues. / Scripting/automation skills (Python, Bash, PowerShell) and experience with configuration management / IaC (Ansible, Terraform, CI/CD tooling). / Solid understanding of Linux and Windows server environments, storage, and networking as they relate to database performance. / Excellent communication skills; comfortable coordinating with vendors (MongoDB, Microsoft, Oracle, etc.) and presenting technical information to stakeholders. / Strong documentation skills and commitment to operational excellence and compliance. / English proficiency required for vendor interaction and technical documentation."
